Mode,Tab Context,Graded,Reachable via Create Session Dialog,Grading/Self-Mark UI,Attempt Limit / Wrong-Answer Handling,Score/Results Tracked,Other Differences vs Practice+GradedOff Baseline
Flashcard,Practice,Off,Yes (default),None - single Flip/Next button,N/A - no correct/incorrect ever recorded,No,Baseline behavior
Flashcard,Practice,On,Yes (manual toggle away from Practice default),Correct/Incorrect self-mark buttons appear after flipping the card (red Incorrect / green Correct),Self-reported once per card - no retry loop,"Yes - gradedAttempts + incorrectAttempts recorded on the card, and the card gets an FSRS-style scheduling update (stability/difficulty/due date) even though the session's own scheduling mode is Normal, not FSRS","THE flagship example: self-grading buttons replace the plain Flip/Next button. If the session's scheduling mode is FSRS (only reachable via the separate Spaced Repetition picker, which always forces Graded=On), these are replaced entirely by 4 Again/Hard/Good/Easy buttons with predicted-interval text instead of Correct/Incorrect."
Flashcard,Quiz,On,Yes (default),"Same Correct/Incorrect self-mark buttons as Practice+On - isGraded alone drives this, the tab adds nothing extra",Same as Practice+On,Yes - same as Practice+On,Identical UI/backend to Practice+On; also the only way the FSRS Spaced Repetition picker can create a Flashcard session (always Graded=On there)
Flashcard,Quiz,Off,Yes (manual toggle away from Quiz default),None - reverts to plain Flip/Next button,N/A,No,Visually indistinguishable from Practice+Off despite being created from the Quiz tab
List (List-Picker Quiz),Practice,Off,Yes (default),None - pick an answer from a list of candidates; correct/wrong choices are color-highlighted,Unlimited re-picks after a wrong choice; no reveal/give-up button needed since the list is always visible,No,Baseline. Note: List mode's own UI never branches on isGraded at all (zero references in ListMode.kt) - grading is 100% invisible to the user in this mode
List (List-Picker Quiz),Practice,On,Yes (manual toggle),Identical pick-from-list UI - no self-mark buttons of any kind appear,Same unlimited re-picks as Off,"Yes - gradedAttempts/incorrectAttempts recorded, FSRS-style scheduling update applied silently in the background",No visible change at all vs Practice+Off; purely a backend bookkeeping difference
List (List-Picker Quiz),Quiz,On,Yes (default),Identical pick-from-list UI,Same as above,Yes,"No visible change vs Off states; List is NOT included in the FSRS Spaced Repetition picker's mode list, so despite having dead FSRS-rating-button code in the file, that code path is currently unreachable through any UI"
List (List-Picker Quiz),Quiz,Off,Yes (manual toggle),Identical pick-from-list UI,Same as above,No,No visible change from any other List row - this mode looks and plays exactly the same in all 4 conditions
Multiple Choice,Practice,Off,Yes (default),None - tap an option,"Unlimited guesses per question by default (separate ""Reveal When Wrong"" toggle defaults OFF in Practice, i.e. allowMultipleGuesses=true)",No,Baseline. MC's own composable never reads isGraded at all (zero references) - grading is invisible in the moment
Multiple Choice,Practice,On,Yes (manual toggle),None - identical tap-an-option UI,"Same unlimited guesses as Off (Reveal-When-Wrong is a separate toggle, not tied to isGraded)","Yes - gradedAttempts/incorrectAttempts + silent FSRS-style scheduling update",No visible change vs Off; only backend bookkeeping differs
Multiple Choice,Quiz,On,Yes (default),None - tap an option,"First wrong guess immediately reveals/locks the correct answer and ends the question (""Reveal When Wrong"" toggle defaults ON in Quiz, i.e. allowMultipleGuesses=false) - this is a real UI/gameplay difference, but it's driven by the independent Reveal-When-Wrong toggle, not by isGraded itself",Yes,"If session scheduling mode is FSRS (reachable via the Spaced Repetition picker, which offers MC), the bottom button becomes Hard/Good/Easy rating buttons with predicted intervals instead of moving straight to the next question"
Multiple Choice,Quiz,Off,Yes (manual toggle),None - tap an option,"Same single-guess-then-reveal behavior as Quiz+On, since Reveal-When-Wrong is independent of isGraded and still defaults ON for the Quiz tab",No,Only the backend scoring differs from Quiz+On; the single-guess lockout still applies unless the user also manually flips Reveal-When-Wrong off
Matching,Practice,Off,Yes (default),None - tap pairs to match,"Unlimited re-attempts on a wrong match by default (Reveal When Wrong defaults OFF in Practice)",No,Baseline. Matching's composable has ZERO references to isGraded or FSRS scheduling anywhere - completely unaffected by grading state visually
Matching,Practice,On,Yes (manual toggle),None,Same unlimited re-attempts as Off,"Yes - gradedAttempts/incorrectAttempts + silent FSRS-style scheduling update",No visible change vs Off; purely backend
Matching,Quiz,On,Yes (default),None,"A wrong match attempt reveals/locks that pair by default (Reveal When Wrong defaults ON in Quiz) - again driven by the independent toggle, not isGraded",Yes,"Matching is NOT in the FSRS Spaced Repetition picker's mode list and has no FSRS-rating-button code at all, unlike Flashcard/List/MC/Typing/both Listen modes - it can never show rating buttons no matter what"
Matching,Quiz,Off,Yes (manual toggle),None,"Same reveal-on-wrong behavior as Quiz+On (tied to Reveal-When-Wrong, not isGraded)",No,Only backend scoring differs from Quiz+On
Typing,Practice,Off,Yes (default) - routes to a completely separate screen file (TypingScreen/typingStudy route),"None - assisted/guided typing only. Correct letters shown live is locked ON and cannot be turned off in Practice",No wrong-answer concept at all: keystrokes past the correct length are silently blocked; the field only ever auto-submits on an exact match; there is no reveal/give-up button,No,"Baseline. This is the most structurally different mode: Practice Typing and Quiz Typing are not one screen branching on isGraded, they are two entirely separate Kotlin composables/routes, selected automatically by the session's isGraded value at launch time"
Typing,Practice,On,"Yes (manual toggle) - but this is the single most surprising finding in the app: flipping Graded ON while still on the Practice tab does not just change scoring, it silently reroutes the session to the Quiz screen (QuizScreen/quizStudy) instead of TypingScreen, because routing reads only the final isGraded value, not which tab was used","Full Quiz-Typing UI appears instead (see Quiz/On row) - error-red input, incorrect feedback text, Get Answer button","Wrong full-length attempts ARE recorded (lastIncorrectAnswer), with an explicit Get Answer give-up/reveal button available",Yes,"Practice tab + Graded=On produces the exact same experience as the Quiz tab - the tab you picked in the dialog becomes irrelevant to which screen you land on for Typing specifically"
Typing,Quiz,On,Yes (default) - routes to QuizScreen/quizStudy,"None literally called ""grading buttons"" but the whole screen is the graded experience: error-red input field, ""Get Answer"" give-up/reveal button, optional live-letter feedback toggle (Show Correct Letters, defaults on but is user-editable only in this tab)",Wrong full-length attempts allowed and tracked with visible red error text + feedback message; Get Answer button available to bail out at any time,Yes,"Show Correct Letters is locked ON and non-editable in Practice, but becomes a user-editable switch in Quiz's Mode Settings - the only mode-setting whose editability itself differs by tab (not just its default value)"
Typing,Quiz,Off,"Yes (manual toggle) - flipping Graded OFF while on the Quiz tab reroutes the session to TypingScreen/typingStudy instead of QuizScreen, the opposite swap from the Practice+On row",None - reverts to the same assisted/guided Practice UI,Same as Practice+Off - no wrong-answer concept at all,No,Visually and behaviorally indistinguishable from Practice+Off despite being created from the Quiz tab
Speech-to-Text / Listen & Type (Typed Listen),Practice,Off (Speech-to-Text label),Yes (default),None,"Wrong-length or mismatched input just never auto-submits; ""type what you hear"" label",No,"Baseline. Both the front AND the back audio auto-play back-to-back (the back audio being played IS the dictation exercise itself)"
Speech-to-Text / Listen & Type (Typed Listen),Practice,On (relabels to Listen & Type),"Yes (manual toggle - same screen, no reroute unlike Typing)","Same text field, but label switches to ""type the word you hear""; error-red field + incorrect-guess feedback text; ""Get Answer"" reveal button becomes meaningful","Wrong submissions tracked (lastIncorrectAnswer), Get Answer available","Yes - graded via submitListenAnswer using Unicode-aware AnswerMatcher (not Typing's ASCII-only compare)","Only the FRONT audio plays now - the back is never given as an audio hint, since Quiz mode requires recalling it from memory instead of transcribing what was just played"
Speech-to-Text / Listen & Type (Typed Listen),Quiz,On (Listen & Type label),Yes (default),Same as Practice+On row above,Same as Practice+On row above,Yes,"If session scheduling mode is FSRS (Typed Listen IS in the Spaced Repetition picker's mode list), the shared ListenModeFooter swaps in Again/Hard/Good/Easy rating buttons with predicted intervals"
Speech-to-Text / Listen & Type (Typed Listen),Quiz,Off (relabels to Speech-to-Text),Yes (manual toggle),Reverts to Practice/Off dictation behavior and label,No wrong-answer concept,No,Both front and back audio play again (dictation mode) despite being created from the Quiz tab
Text-to-Speech / Listen & Speak (Spoken Listen),Practice,Off (Text-to-Speech label),Yes (default),"Back text auto-reveals as soon as the front audio finishes (a pronunciation prompt, not a recall test); ""I Said It"" self-mark button is always available with NO attempt cap; mic is optional, used only to auto-verify instead of self-reporting",No cap on attempts - mic misses just show feedback and let you try again or self-mark indefinitely,No,Baseline - lowest-friction of any mode since nothing is ever graded or capped
Text-to-Speech / Listen & Speak (Spoken Listen),Practice,On (relabels to Listen & Speak),"Yes (manual toggle - same screen, no reroute)","Back text stays HIDDEN instead of auto-revealing - must be recalled from memory and spoken; no more permanent ""I Said It"" self-mark escape hatch","Capped at 3 recognition attempts before falling back to a typed-answer field (still graded - self-marking is removed specifically so it can't be used to dodge the grade)",Yes - graded via submitListenAnswer,"Two big behavior swaps at once: text goes from auto-revealed to hidden-until-correct, and the always-available self-mark button disappears, replaced by a 3-attempt cap + typed-answer fallback"
Text-to-Speech / Listen & Speak (Spoken Listen),Quiz,On (Listen & Speak label),Yes (default),Same as Practice+On row above,Same 3-attempt cap + typed fallback as above,Yes,"If session scheduling mode is FSRS (Spoken Listen is in the picker's mode list), Again/Hard/Good/Easy rating buttons replace the normal footer, same as Typed Listen"
Text-to-Speech / Listen & Speak (Spoken Listen),Quiz,Off (relabels to Text-to-Speech),Yes (manual toggle),Reverts to auto-revealed text + permanent uncapped ""I Said It"" self-mark,No cap,No,Identical experience to Practice+Off despite being created from the Quiz tab
Anagram,Practice,Off,"Yes (default - only path; this mode lives under the separate Games tab, not Practice/Quiz)",Standard anagram letter-arrangement UI,No isGraded-aware limit,No,Baseline
Anagram,Practice,On,No - the Create Session dialog never shows a Graded switch for this mode (ModeSettingsSection only renders it for Flashcard/List/Typing/Matching/Multiple Choice),N/A - not reachable,N/A,"Code-theoretical only (e.g. a legacy/migrated or hand-edited session) - AnagramMode.kt has zero references to isGraded or schedulingMode, so even if isGraded were somehow true, the UI would render byte-identical to Off",Not reachable via any current UI path
Anagram,Quiz,Off,No - this mode has no presence in the Quiz tab's chip list at all (it only exists under the Games tab),N/A,N/A,N/A,No Quiz-tab version of this mode exists
Anagram,Quiz,On,No - not reachable via dialog; also excluded from the FSRS Spaced Repetition picker's mode list (only Flashcard/MC/Typing/Spoken Listen/Typed Listen are FSRS-eligible),N/A,N/A,N/A,Isolated: no dialog path and no FSRS path can ever set this mode's isGraded to true
Crossword,Practice,Off,Yes (default - Games tab only),Standard crossword grid/clues UI,No isGraded-aware limit,No,Baseline
Crossword,Practice,On,No Graded switch shown for this mode,N/A,N/A,CrosswordMode.kt has zero isGraded/schedulingMode references,Not reachable via any current UI path
Crossword,Quiz,Off,No - not offered in the Quiz tab chip list,N/A,N/A,N/A,No Quiz-tab version exists
Crossword,Quiz,On,No - not reachable via dialog or the FSRS picker,N/A,N/A,N/A,Isolated - same as Anagram
Hangman,Practice,Off,Yes (default - Games tab only),Standard hangman letter-guessing UI,No isGraded-aware limit,No,Baseline
Hangman,Practice,On,No Graded switch shown for this mode,N/A,N/A,HangmanMode.kt has zero isGraded/schedulingMode references,Not reachable via any current UI path
Hangman,Quiz,Off,No - not offered in the Quiz tab chip list,N/A,N/A,N/A,No Quiz-tab version exists
Hangman,Quiz,On,No - not reachable via dialog or the FSRS picker,N/A,N/A,N/A,Isolated - same as Anagram
Memory,Practice,Off,Yes (default - Games tab only),Standard tile-flip matching UI,No isGraded-aware limit,No,Baseline
Memory,Practice,On,No Graded switch shown for this mode,N/A,N/A,MemoryMode.kt has zero isGraded/schedulingMode references,Not reachable via any current UI path
Memory,Quiz,Off,No - not offered in the Quiz tab chip list,N/A,N/A,N/A,No Quiz-tab version exists
Memory,Quiz,On,No - not reachable via dialog or the FSRS picker,N/A,N/A,N/A,Isolated - same as Anagram
Word Search,Practice,Off,Yes (default - Games tab only),Standard word-search grid UI,No isGraded-aware limit,No,Baseline
Word Search,Practice,On,No Graded switch shown for this mode,N/A,N/A,WordSearchMode.kt has zero isGraded/schedulingMode references,Not reachable via any current UI path
Word Search,Quiz,Off,No - not offered in the Quiz tab chip list,N/A,N/A,N/A,No Quiz-tab version exists
Word Search,Quiz,On,No - not reachable via dialog or the FSRS picker,N/A,N/A,N/A,Isolated - same as Anagram
Freeform,Practice,Off,"Yes (default and only reachable state - selecting Freeform forces isGraded=false in applyPreset, and no Graded switch is ever shown for it)",Pager-style front/back browsing with swipe navigation,N/A,No,Baseline - the only fully practice-only mode besides Audio
Freeform,Practice,On,"No - applyPreset forcibly resets isGraded=false the moment Freeform is selected, and the dialog shows no Graded switch for it to override that with",N/A,N/A,FreeformMode.kt has zero isGraded/schedulingMode references,Not reachable via any current UI path
Freeform,Quiz,Off,No - Freeform is not offered in the Quiz tab's chip list at all,N/A,N/A,N/A,No Quiz-tab version exists
Freeform,Quiz,On,No - not reachable via dialog or the FSRS picker,N/A,N/A,N/A,Isolated - same pattern as the Games-tab modes
Audio,N/A,N/A,N/A - post audio-overhaul refactor Audio is pure background/media-style playback only,No grading concept exists in this mode at all,N/A,No,"SPECIAL CASE, not part of the 4-way matrix: the old graded/speech-to-text Audio behavior was split out entirely into Spoken Listen (Text-to-Speech/Listen & Speak) during the Audio overhaul. AudioMode.kt now has zero references to isGraded or schedulingMode - there is no Practice/Quiz distinction for Audio any more, only one experience"
